time,Ax,Angulo_graus,Pulsos,Vel_ms
3916,-0.0720,0.00,0,0.000
3924,-0.0793,0.00,0,0.000
3932,-0.0767,0.00,0,0.000
3940,-0.0779,0.00,0,0.000
3948,-0.0730,0.00,0,0.000
3956,-0.0774,0.00,0,0.000
3964,-0.0764,0.00,0,0.000
3972,-0.0720,0.00,0,0.000
3980,-0.0762,0.00,0,0.000
3988,-0.0752,0.00,0,0.000
3996,-0.0730,0.00,0,0.000
4004,-0.0752,0.00,0,0.000
4012,-0.0728,0.00,0,0.000
4020,-0.0808,0.00,0,0.000
4028,-0.0791,0.00,0,0.000
4036,-0.0752,0.00,0,0.000
4044,-0.0798,0.00,0,0.000
4052,-0.0728,0.00,0,0.000
4060,-0.0725,0.00,0,0.000
4068,-0.0771,0.00,0,0.000
4076,-0.0740,0.00,0,0.000
4084,-0.0725,0.00,0,0.000
4092,-0.0735,0.00,0,0.000
4100,-0.0757,0.00,0,0.000
4108,-0.0725,0.00,0,0.000
4116,-0.0745,0.00,0,0.000
4124,-0.0715,0.00,0,0.000
4132,-0.0747,0.00,0,0.000
4140,-0.0747,0.00,0,0.000
4148,-0.0752,0.00,0,0.000
4156,-0.0757,0.00,0,0.000
4164,-0.0728,0.00,0,0.000
4172,-0.0742,0.00,0,0.000
4180,-0.0737,0.00,0,0.000
4188,-0.0776,0.00,0,0.000
4196,-0.0793,0.00,0,0.000
4204,-0.0754,0.00,0,0.000
4212,-0.0759,0.00,0,0.000
4220,-0.0740,0.00,0,0.000
4228,-0.0825,0.00,0,0.000
4236,-0.0745,0.00,0,0.000
4244,-0.0754,0.00,0,0.000
4252,-0.0750,0.00,0,0.000
4260,-0.0774,0.00,0,0.000
4268,-0.0786,0.00,0,0.000
4276,-0.0779,0.00,0,0.000
4284,-0.0781,0.00,0,0.000
4292,-0.0801,0.00,0,0.000
4300,-0.0735,0.00,0,0.000
4308,-0.0759,0.00,0,0.000
4316,-0.0771,0.00,0,0.000
4324,-0.0757,0.00,0,0.000
4332,-0.0740,0.00,0,0.000
4340,-0.0759,0.00,0,0.000
4348,-0.0757,0.00,0,0.000
4356,-0.0764,0.00,0,0.000
4364,-0.0774,0.00,0,0.000
4372,-0.0771,0.00,0,0.000
4380,-0.0771,0.00,0,0.000
4388,-0.0784,0.00,0,0.000
4396,-0.0759,0.00,0,0.000
4404,-0.0757,0.00,0,0.000
4412,-0.0767,0.00,0,0.000
4420,-0.0715,0.00,0,0.000
4428,-0.0774,0.00,0,0.000
4436,-0.0737,0.00,0,0.000
4444,-0.0750,0.00,0,0.000
4452,-0.0759,0.00,0,0.000
4460,-0.0757,0.00,0,0.000
4468,-0.0752,0.00,0,0.000
4476,-0.0725,0.00,0,0.000
4484,-0.0750,0.00,0,0.000
4492,-0.0742,0.00,0,0.000
4500,-0.0774,0.00,0,0.000
4508,-0.0798,0.00,0,0.000
4516,-0.0730,0.00,0,0.000
4524,-0.0747,0.00,0,0.000
4532,-0.0728,0.00,0,0.000
4540,-0.0691,0.00,0,0.000
4548,-0.0698,0.00,0,0.000
4556,-0.0730,0.00,0,0.000
4564,-0.0759,0.00,0,0.000
4572,-0.0747,0.00,0,0.000
4580,-0.0757,0.00,0,0.000
4588,-0.0745,0.00,0,0.000
4596,-0.0771,0.00,0,0.000
4604,-0.0774,0.00,0,0.000
4612,-0.0713,0.00,0,0.000
4620,-0.0752,0.00,0,0.000
4628,-0.0784,0.00,0,0.000
4636,-0.0728,0.00,0,0.000
4644,-0.0757,0.00,0,0.000
4652,-0.0710,0.00,0,0.000
4660,-0.0779,0.00,0,0.000
4668,-0.0742,0.00,0,0.000
4676,-0.0771,0.00,0,0.000
4684,-0.0728,0.00,0,0.000
4692,-0.0771,0.00,0,0.000
4700,-0.0735,0.00,0,0.000
4708,-0.0757,0.00,0,0.000
4716,-0.0771,0.00,0,0.000
4724,-0.0762,0.00,0,0.000
4732,-0.0706,0.00,0,0.000
4740,-0.0779,0.00,0,0.000
4748,-0.0732,0.00,0,0.000
4756,-0.0730,0.00,0,0.000
4764,-0.0752,0.00,0,0.000
4772,-0.0745,0.00,0,0.000
4780,-0.0762,0.00,0,0.000
4788,-0.0735,0.00,0,0.000
4796,-0.0769,0.00,0,0.000
4804,-0.0718,0.00,0,0.000
4812,-0.0771,0.00,0,0.000
4820,-0.0747,0.00,0,0.000
4828,-0.0728,0.00,0,0.000
4836,-0.0735,0.00,0,0.000
4844,-0.0732,0.00,0,0.000
4852,-0.0757,0.00,0,0.000
4860,-0.0745,0.00,0,0.000
4868,-0.0759,0.00,0,0.000
4876,-0.0713,0.00,0,0.000
4884,-0.0730,0.00,0,0.000
4892,-0.0732,0.00,0,0.000
4900,-0.0769,0.00,0,0.000
4908,-0.0801,0.00,0,0.000
4916,-0.0713,0.00,0,0.000
4924,-0.0710,0.00,0,0.000
4932,-0.0710,0.00,0,0.000
4940,-0.0757,0.00,0,0.000
4948,-0.0771,0.00,0,0.000
4956,-0.0764,0.00,0,0.000
4964,-0.0747,0.00,0,0.000
4972,-0.0742,0.00,0,0.000
4980,-0.0725,0.00,0,0.000
4988,-0.0754,0.00,0,0.000
4996,-0.0745,0.00,0,0.000
5004,-0.0754,0.00,0,0.000
5012,-0.0771,0.00,0,0.000
5020,-0.0742,0.00,0,0.000
5028,-0.0769,0.00,0,0.000
5036,-0.0688,0.00,0,0.000
5044,-0.0764,0.00,0,0.000
5052,-0.0747,0.00,0,0.000
5060,-0.0759,0.00,0,0.000
5068,-0.0747,0.00,0,0.000
5076,-0.0779,0.00,0,0.000
5084,-0.0776,0.00,0,0.000
5092,-0.0754,0.00,0,0.000
5100,-0.0735,0.00,0,0.000
5108,-0.0762,0.00,0,0.000
5116,-0.0771,0.00,0,0.000
5124,-0.0747,0.00,0,0.000
5132,-0.0752,0.00,0,0.000
5140,-0.0720,0.00,0,0.000
5148,-0.0754,0.00,0,0.000
5156,-0.0708,0.00,0,0.000
5164,-0.0728,0.00,0,0.000
5172,-0.0757,0.00,0,0.000
5180,-0.0764,0.00,0,0.000
5188,-0.0718,0.00,0,0.000
5196,-0.0767,0.00,0,0.000
5204,-0.0769,0.00,0,0.000
5212,-0.0762,0.00,0,0.000
5220,-0.0718,0.00,0,0.000
5228,-0.0730,0.00,0,0.000
5236,-0.0728,0.00,0,0.000
5244,-0.0762,0.00,0,0.000
5252,-0.0735,0.00,0,0.000
5260,-0.0759,0.00,0,0.000
5268,-0.0789,0.00,0,0.000
5276,-0.0742,0.00,0,0.000
5284,-0.0757,0.00,0,0.000
5292,-0.0771,0.00,0,0.000
5300,-0.0786,0.00,0,0.000
5308,-0.0769,0.00,0,0.000
5316,-0.0747,0.00,0,0.000
5324,-0.0747,0.00,0,0.000
5332,-0.0752,0.00,0,0.000
5340,-0.0796,0.00,0,0.000
5348,-0.0725,0.00,0,0.000
5356,-0.0754,0.00,0,0.000
5364,-0.0776,0.00,0,0.000
5372,-0.0725,0.00,0,0.000
5380,-0.0745,0.00,0,0.000
5388,-0.0737,0.00,0,0.000
5396,-0.0750,0.00,0,0.000
5404,-0.0720,0.00,0,0.000
5412,-0.0693,0.00,0,0.000
5420,-0.0732,0.00,0,0.000
5428,-0.0730,0.00,0,0.000
5436,-0.0745,0.00,0,0.000
5444,-0.0769,0.00,0,0.000
5452,-0.0737,0.00,0,0.000
5460,-0.0771,0.00,0,0.000
5468,-0.0732,0.00,0,0.000
5476,-0.0750,0.00,0,0.000
5484,-0.0747,0.00,0,0.000
5492,-0.0708,0.00,0,0.000
5500,-0.0745,0.00,0,0.000
5508,-0.0791,0.00,0,0.000
5516,-0.0735,0.00,0,0.000
5524,-0.0764,0.00,0,0.000
5532,-0.0762,0.00,0,0.000
5540,-0.0750,0.00,0,0.000
5548,-0.0754,0.00,0,0.000
5556,-0.0718,0.00,0,0.000
5564,-0.0730,0.00,0,0.000
5572,-0.0764,0.00,0,0.000
5580,-0.0762,0.00,0,0.000
5588,-0.0759,0.00,0,0.000
5596,-0.0764,0.00,0,0.000
5604,-0.0735,0.00,0,0.000
5612,-0.0728,0.00,0,0.000
5620,-0.0745,0.00,0,0.000
5628,-0.0725,0.00,0,0.000
5636,-0.0730,0.00,0,0.000
5644,-0.0818,0.00,0,0.000
5652,-0.0759,0.00,0,0.000
5660,-0.0757,0.00,0,0.000
5668,-0.0798,0.00,0,0.000
5676,-0.0745,0.00,0,0.000
5684,-0.0759,0.00,0,0.000
5692,-0.0757,0.00,0,0.000
5700,-0.0730,0.00,0,0.000
5708,-0.0767,0.00,0,0.000
5716,-0.0793,0.00,0,0.000
5724,-0.0747,0.00,0,0.000
5732,-0.0750,0.00,0,0.000
5740,-0.0754,0.00,0,0.000
5748,-0.0718,0.00,0,0.000
5756,-0.0762,0.00,0,0.000
5764,-0.0737,0.00,0,0.000
5772,-0.0781,0.00,0,0.000
5780,-0.0786,0.00,0,0.000
5788,-0.0752,0.00,0,0.000
5796,-0.0742,0.00,0,0.000
5804,-0.0767,0.00,0,0.000
5812,-0.0781,0.00,0,0.000
5820,-0.0757,0.00,0,0.000
5828,-0.0747,0.00,0,0.000
5836,-0.0742,0.00,0,0.000
5844,-0.0752,0.00,0,0.000
5852,-0.0735,0.00,0,0.000
5860,-0.0779,0.00,0,0.000
5868,-0.0725,0.00,0,0.000
5876,-0.0762,0.00,0,0.000
5884,-0.0784,0.00,0,0.000
5892,-0.0769,0.00,0,0.000
5900,-0.0771,0.00,0,0.000
5908,-0.0762,0.00,0,0.000
5916,-0.0742,0.00,0,0.000
5924,-0.0747,0.00,0,0.000
5932,-0.0752,0.00,0,0.000
5940,-0.0769,0.00,0,0.000
5948,-0.0679,0.00,0,0.000
5956,-0.0781,0.00,0,0.000
5964,-0.0720,0.00,0,0.000
5972,-0.0771,0.00,0,0.000
5980,-0.0784,0.00,0,0.000
5988,-0.0718,0.00,0,0.000
5996,-0.0732,0.00,0,0.000
6004,-0.0735,0.00,0,0.000
6012,-0.0735,0.00,0,0.000
6020,-0.0769,0.00,0,0.000
6028,-0.0745,0.00,0,0.000
6036,-0.0710,0.00,0,0.000
6044,-0.0769,0.00,0,0.000
6052,-0.0769,0.00,0,0.000
6060,-0.0752,0.00,0,0.000
6068,-0.0776,0.00,0,0.000
6076,-0.0754,0.00,0,0.000
6084,-0.0789,0.00,0,0.000
6092,-0.0728,0.00,0,0.000
6100,-0.0750,0.00,0,0.000
6108,-0.0759,0.00,0,0.000
6116,-0.0750,0.00,0,0.000
6124,-0.0769,0.00,0,0.000
6132,-0.0752,0.00,0,0.000
6140,-0.0745,0.00,0,0.000
6148,-0.0771,0.00,0,0.000
6156,-0.0735,0.00,0,0.000
6164,-0.0754,0.00,0,0.000
6172,-0.0769,0.00,0,0.000
6180,-0.0764,0.00,0,0.000
6188,-0.0742,0.00,0,0.000
6196,-0.0725,0.00,0,0.000
6204,-0.0732,0.00,0,0.000
6212,-0.0723,0.00,0,0.000
6220,-0.0701,0.00,0,0.000
6228,-0.0771,0.00,0,0.000
6236,-0.0747,0.00,0,0.000
6244,-0.0750,0.00,0,0.000
6252,-0.0723,0.00,0,0.000
6260,-0.0769,0.00,0,0.000
6268,-0.0767,0.00,0,0.000
6276,-0.0774,0.00,0,0.000
6284,-0.0745,0.00,0,0.000
6292,-0.0693,0.00,0,0.000
6300,-0.0740,0.00,0,0.000
6308,-0.0754,0.00,0,0.000
6316,-0.0728,0.00,0,0.000
6324,-0.0764,0.00,0,0.000
6332,-0.0710,0.00,0,0.000
6340,-0.0776,0.00,0,0.000
6348,-0.0764,0.00,0,0.000
6356,-0.0737,0.00,0,0.000
6364,-0.0764,0.00,0,0.000
6372,-0.0747,0.00,0,0.000
6380,-0.0781,0.00,0,0.000
6388,-0.0776,0.00,0,0.000
6396,-0.0718,0.00,0,0.000
6404,-0.0745,0.00,0,0.000
6412,-0.0764,0.00,0,0.000
6420,-0.0737,0.00,0,0.000
6428,-0.0769,0.00,0,0.000
6436,-0.0752,0.00,0,0.000
6444,-0.0769,0.00,0,0.000
6452,-0.0762,0.00,0,0.000
6460,-0.0764,0.00,0,0.000
6468,-0.0735,0.00,0,0.000
6476,-0.0769,0.00,0,0.000
6484,-0.0742,0.00,1,0.000
6492,-0.0779,0.00,1,0.000
6500,-0.0737,0.00,1,0.000
6508,-0.0808,0.00,2,0.000
6516,-0.0759,0.00,3,0.000
6524,-0.0759,0.00,5,0.000
6532,-0.0823,0.00,7,0.000
6540,-0.0774,0.00,10,0.000
6548,-0.0793,0.00,14,0.000
6556,-0.0808,0.00,19,0.000
6564,-0.0735,0.00,25,0.000
6572,-0.0642,0.00,33,0.000
6580,-0.0852,0.00,42,0.035
6588,-0.0947,0.00,52,0.035
6596,-0.0679,0.00,64,0.035
6604,-0.0852,0.00,76,0.035
6612,-0.0327,0.00,91,0.035
6620,-0.0747,0.00,106,0.035
6628,-0.0898,0.00,123,0.035
6636,-0.0696,0.00,142,0.035
6644,-0.0552,0.00,161,0.035
6652,-0.0295,0.00,181,0.035
6660,-0.0820,0.00,203,0.035
6668,-0.0332,0.00,225,0.035
6676,-0.0437,0.00,248,0.035
6684,-0.0544,0.00,272,0.194
6692,-0.0723,0.00,296,0.194
6700,-0.0598,0.00,321,0.194
6708,-0.0557,0.00,347,0.194
6716,-0.0613,0.00,373,0.194
6724,-0.1011,0.00,400,0.194
6732,-0.0134,0.00,428,0.194
6740,-0.0146,0.00,456,0.194
6748,-0.0503,0.00,486,0.194
6756,-0.0515,0.00,516,0.194
6764,-0.0315,0.00,547,0.194
6772,0.0505,2.90,579,0.194
6780,-0.0581,0.00,612,0.194
6788,0.1255,7.21,646,0.319
6796,-0.0654,0.00,681,0.319
6804,0.0010,0.06,716,0.319
6812,0.0293,1.68,752,0.319
6820,0.0247,1.41,788,0.319
6828,-0.0869,0.00,825,0.319
6836,0.1521,8.75,863,0.319
6844,0.0847,4.86,903,0.319
6852,0.0261,1.50,943,0.319
6860,0.0513,2.94,984,0.319
6868,0.0503,2.88,1025,0.319
6876,0.0391,2.24,1067,0.319
6884,0.0759,4.35,1110,0.319
6892,0.0542,3.11,1154,0.433
6900,0.0562,3.22,1199,0.433
6908,0.0315,1.80,1246,0.433
6916,0.2136,12.33,1294,0.433
6924,-0.0449,0.00,1341,0.433
6932,0.0422,2.42,1387,0.433
6940,0.1594,9.17,1434,0.433
6948,0.2024,11.68,1482,0.433
6956,0.1619,9.32,1529,0.433
6964,0.0735,4.21,1578,0.433
6972,0.1086,6.24,1630,0.433
6980,0.2583,14.97,1682,0.433
6988,0.1753,10.10,1737,0.433
6996,0.2507,14.52,1792,0.545
7004,0.1570,9.03,1849,0.545
7012,0.1472,8.47,1906,0.545
7020,0.1196,6.87,1965,0.545
7028,0.2151,12.42,2023,0.545
7036,0.1643,9.46,2082,0.545
7044,0.1306,7.51,2141,0.545
7052,0.1643,9.46,2199,0.545
7060,0.1294,7.43,2256,0.545
7068,0.0845,4.85,2313,0.545
7076,0.1660,9.56,2369,0.545
7084,0.1187,6.81,2424,0.545
7092,0.0791,4.54,2477,0.545
7100,0.0107,0.62,2529,0.631
7108,0.1609,9.26,2579,0.631
7116,0.1653,9.51,2629,0.631
7124,0.0820,4.71,2677,0.631
7132,0.1240,7.12,2724,0.631
7140,0.0225,1.29,2770,0.631
7148,0.0842,4.83,2814,0.631
7156,0.1577,9.07,2858,0.631
7164,0.0706,4.05,2901,0.631
7172,0.1204,6.91,2943,0.631
7180,-0.0325,0.00,2985,0.631
7188,0.0559,3.20,3025,0.631
7196,0.0447,2.56,3066,0.631
7204,0.1394,8.01,3107,0.496
7212,0.1570,9.03,3147,0.496
7220,0.1255,7.21,3187,0.496
7228,0.1680,9.67,3226,0.496
7236,0.2112,12.19,3264,0.496
7244,0.0984,5.65,3303,0.496
7252,0.1604,9.23,3342,0.496
7260,0.0242,1.38,3380,0.496
7268,0.1084,6.22,3417,0.496
7276,0.1558,8.96,3453,0.496
7284,0.0757,4.34,3489,0.496
7292,0.1179,6.77,3524,0.496
7300,0.1589,9.15,3559,0.496
7308,0.0896,5.14,3593,0.417
7316,0.0461,2.64,3627,0.417
7324,0.1934,11.15,3661,0.417
7332,0.1348,7.75,3695,0.417
7340,0.1611,9.27,3726,0.417
7348,0.1599,9.20,3756,0.417
7356,0.1963,11.32,3783,0.417
7364,0.0684,3.92,3808,0.417
7372,0.0437,2.50,3831,0.417
7380,0.0964,5.53,3852,0.417
7388,0.0618,3.54,3872,0.417
7396,0.1245,7.15,3891,0.417
7404,0.1189,6.83,3908,0.417
7412,0.1533,8.82,3925,0.287
7420,0.0996,5.72,3942,0.287
7428,0.1458,8.38,3957,0.287
7436,0.1523,8.76,3972,0.287
7444,0.1282,7.36,3987,0.287
7452,0.1177,6.76,4002,0.287
7460,0.1631,9.39,4016,0.287
7468,0.1206,6.93,4030,0.287
7476,0.1543,8.88,4044,0.287
7484,0.1841,10.61,4057,0.287
7492,0.1819,10.48,4070,0.287
7500,0.1621,9.33,4081,0.287
7508,0.0957,5.49,4091,0.287
7516,0.1045,6.00,4101,0.151
7524,0.1318,7.58,4109,0.151
7532,0.0347,1.99,4116,0.151
7540,0.1123,6.45,4121,0.151
7548,0.0168,0.97,4126,0.151
7556,-0.0278,0.00,4130,0.151
7564,0.0427,2.45,4134,0.151
7572,0.0115,0.66,4136,0.151
7580,0.0403,2.31,4137,0.151
7588,0.0566,3.25,4139,0.151
7596,0.0652,3.74,4140,0.151
7604,0.0051,0.29,4140,0.151
7612,0.0400,2.29,4141,0.151
7620,0.0212,1.22,4141,0.036
7628,0.0559,3.20,4142,0.036
7636,0.0452,2.59,4143,0.036
7644,0.0547,3.13,4144,0.036
7652,0.0835,4.79,4145,0.036
7660,0.0718,4.12,4147,0.036
7668,0.1021,5.86,4150,0.036
7676,0.1375,7.90,4154,0.036
7684,0.1184,6.80,4158,0.036
7692,0.1550,8.92,4164,0.036
7700,0.1399,8.04,4171,0.036
7708,0.1812,10.44,4180,0.036
7716,0.2300,13.30,4191,0.036
7724,0.1726,9.94,4206,0.054
7732,0.1843,10.62,4224,0.054
7740,0.2490,14.42,4245,0.054
7748,0.3223,18.80,4272,0.054
7756,0.3606,21.14,4305,0.054
7764,0.3174,18.50,4344,0.054
7772,0.4014,23.66,4391,0.054
7780,0.3333,19.47,4446,0.054
7788,0.3462,20.25,4508,0.054
7796,0.3926,23.12,4578,0.054
7804,0.3425,20.03,4655,0.054
7812,0.4248,25.14,4738,0.054
7820,0.3596,21.08,4825,0.054
7828,0.2273,13.14,4915,0.597
7836,0.2151,12.42,5007,0.597
7844,0.2305,13.32,5101,0.597
7852,0.2478,14.35,5196,0.597
7860,0.2639,15.30,5291,0.597
7868,0.2249,12.99,5386,0.597
7876,0.2249,12.99,5481,0.597
7884,0.1506,8.66,5576,0.597
7892,0.1633,9.40,5670,0.597
7900,0.0703,4.03,5763,0.597
7908,0.2095,12.09,5855,0.597
7916,0.1680,9.67,5943,0.597
7924,0.1511,8.69,6030,0.597
7932,0.0161,0.92,6113,1.027
7940,-0.0469,0.00,6193,1.027
7948,-0.1028,0.00,6271,1.027
7956,-0.1475,0.00,6346,1.027
7964,0.0632,3.63,6418,1.027
7972,0.1597,9.19,6487,1.027
7980,0.0327,1.87,6554,1.027
7988,-0.0051,0.00,6618,1.027
7996,-0.1562,0.00,6681,1.027
8004,-0.0308,0.00,6741,1.027
8012,-0.2405,0.00,6799,1.027
8020,-0.0178,0.00,6854,1.027
8028,-0.1763,0.00,6907,1.027
8036,-0.0886,0.00,6958,0.727
8044,-0.0537,0.00,7006,0.727
8052,-0.0776,0.00,7052,0.727
8060,-0.1033,0.00,7095,0.727
8068,-0.0044,0.00,7137,0.727
8076,-0.1238,0.00,7175,0.727
8084,-0.1008,0.00,7211,0.727
8092,-0.0093,0.00,7245,0.727
8100,-0.0247,0.00,7276,0.727
8108,-0.0742,0.00,7306,0.727
8116,-0.1252,0.00,7334,0.727
8124,-0.1365,0.00,7363,0.727
8132,0.0029,0.17,7393,0.727
8140,-0.1428,0.00,7426,0.402
8148,-0.2700,0.00,7465,0.402
8156,-0.1624,0.00,7512,0.402
8164,0.0200,1.15,7572,0.402
8172,0.5190,31.27,7650,0.402
8180,-0.0371,0.00,7749,0.402
8188,0.4629,27.57,7869,0.402
8196,0.5391,32.62,8011,0.402
8204,0.4458,26.47,8169,0.402
8212,0.2744,15.93,8339,0.402
8220,0.1096,6.29,8508,0.402
8228,0.1018,5.84,8692,0.402
8236,-0.2324,0.00,8886,0.402
8244,-0.1091,0.00,9086,1.400
8252,-0.0830,0.00,9293,1.400
8260,-0.0569,0.00,9504,1.400
8268,0.0115,0.66,9717,1.400
8276,-0.0972,0.00,9930,1.400
8284,0.0186,1.06,10150,1.400
8292,0.1687,9.71,10377,1.400
8300,0.2249,12.99,10608,1.400
8308,0.1973,11.38,10830,1.400
8316,0.3826,22.49,11057,1.400
8324,0.2700,15.67,11290,1.400
8332,0.1531,8.81,11525,1.400
8340,0.1660,9.56,11761,1.400
8348,-0.0371,0.00,11995,2.486
8356,0.0076,0.43,12221,2.486
8364,0.1052,6.04,12444,2.486
8372,-0.0215,0.00,12669,2.486
8380,-0.2383,0.00,12891,2.486
8388,-1.5581,0.00,13109,2.486
8396,1.0935,90.00,13310,2.486
8404,-0.0193,0.00,13514,2.486
8412,-0.2056,0.00,13718,2.486
8420,0.2466,14.28,13919,2.486
8428,-0.8083,0.00,14118,2.486
8436,0.2917,16.96,14313,2.486
8444,-0.0823,0.00,14501,2.486
8452,-0.0205,0.00,14682,2.305
8460,-0.3713,0.00,14861,2.305
8468,-0.1177,0.00,15039,2.305
8476,0.1135,6.52,15216,2.305
8484,-0.1160,0.00,15389,2.305
8492,0.0166,0.95,15554,2.305
8500,-0.1750,0.00,15709,2.305
8508,-0.2554,0.00,15865,2.305
8516,-0.1448,0.00,16019,2.305
8524,-0.1021,0.00,16171,2.305
8532,-0.0239,0.00,16319,2.305
8540,-0.1658,0.00,16465,2.305
8548,-0.1318,0.00,16607,2.305
8556,0.0374,2.14,16748,1.774
8564,0.0073,0.42,16885,1.774
8572,-0.1355,0.00,17021,1.774
8580,-0.2234,0.00,17164,1.774
8588,-0.1943,0.00,17320,1.774
8596,-0.1958,0.00,17495,1.774
8604,0.1292,7.42,17693,1.774
8612,-0.1113,0.00,17918,1.774
8620,0.1995,11.51,18152,1.774
8628,0.3657,21.45,18441,1.774
8636,0.4663,27.79,18752,1.774
8644,0.4507,26.79,19083,1.774
8652,0.5012,30.08,19419,1.774
8660,0.4146,24.49,19764,2.555
8668,0.4373,25.93,20120,2.555
8676,0.2087,12.05,20459,2.555
8684,-0.1921,0.00,20810,2.555
8692,0.0168,0.97,21159,2.555
8700,-0.4138,0.00,21509,2.555
8708,0.0542,3.11,21845,2.555
8716,0.5898,36.15,22178,2.555
8724,-1.1956,0.00,22517,2.555
8732,-0.0364,0.00,22835,2.555
8740,0.1035,5.94,23154,2.555
8748,0.4910,29.40,23475,2.555
8756,-0.3394,0.00,23795,2.555
8764,0.1499,8.62,24106,3.722
8772,-0.1606,0.00,24409,3.722
8780,0.0254,1.45,24713,3.722
8788,-0.1572,0.00,25017,3.722
8796,0.0161,0.92,25301,3.722
8804,-0.0908,0.00,25587,3.722
8812,0.0618,3.54,25875,3.722
8820,0.0273,1.57,26160,3.722
8828,-0.4150,0.00,26442,3.722
8836,-0.0845,0.00,26710,3.722
8844,-0.2561,0.00,26979,3.722
8852,0.1245,7.15,27249,3.722
8860,-0.1682,0.00,27514,3.722
8868,0.0291,1.66,27759,3.133
8876,-0.0154,0.00,28012,3.133
8884,-0.1382,0.00,28263,3.133
8892,0.0205,1.18,28511,3.133
8900,0.0708,4.06,28756,3.133
8908,0.1777,10.24,28991,3.133
8916,-0.2544,0.00,29222,3.133
8924,0.0137,0.78,29453,3.133
8932,-0.0166,0.00,29683,3.133
8940,-0.0649,0.00,29908,3.133
8948,-0.1670,0.00,30115,3.133
8956,-0.1211,0.00,30327,3.133
8964,-0.1162,0.00,30541,3.133
8972,-0.0574,0.00,30754,2.568
8980,0.0127,0.73,30966,2.568
8988,-0.2498,0.00,31179,2.568
8996,-0.0415,0.00,31387,2.568
9004,0.0894,5.13,31596,2.568
9012,-0.0120,0.00,31810,2.568
9020,-0.1223,0.00,32025,2.568
9028,-0.0059,0.00,32240,2.568
9036,0.1082,6.21,32443,2.568
9044,0.0234,1.34,32650,2.568
9052,0.0010,0.06,32862,2.568
9060,0.0454,2.60,33077,2.568
9068,-0.1001,0.00,33295,2.568
9076,0.1011,5.80,33516,2.363
9084,-0.0122,0.00,33737,2.363
9092,0.0625,3.58,33957,2.363
9100,-0.2432,0.00,34186,2.363
9108,-0.0051,0.00,34424,2.363
9116,-0.0818,0.00,34670,2.363
9124,-0.0276,0.00,34907,2.363
9132,0.0801,4.59,35159,2.363
9140,0.0706,4.05,35422,2.363
9148,0.0735,4.21,35694,2.363
9156,0.2019,11.65,35978,2.363
9164,-0.1440,0.00,36266,2.363
9172,-0.7612,0.00,36566,2.363
9180,0.1736,10.00,36886,2.871
9188,0.4482,26.63,37207,2.871
9196,0.1807,10.41,37538,2.871
9204,-0.0244,0.00,37890,2.871
9212,0.2305,13.32,38254,2.871
9220,0.0544,3.12,38622,2.871
9228,0.0791,4.54,38997,2.871
9236,-0.1465,0.00,39387,2.871
9244,-0.1650,0.00,39761,2.871
9252,0.2659,15.42,40154,2.871
9260,0.2673,15.51,40554,2.871
9268,-0.0142,0.00,40950,2.871
9276,0.2341,13.54,41341,2.871
9284,-0.1807,0.00,41741,4.145
9292,-0.1155,0.00,42118,4.145
9300,0.0789,4.52,42507,4.145
9308,0.3870,22.77,42898,4.145
9316,-0.0188,0.00,43282,4.145
9324,0.0232,1.33,43654,4.145
9332,-0.3293,0.00,44034,4.145
9340,0.0947,5.44,44398,4.145
9348,0.0552,3.16,44756,4.145
9356,-0.3308,0.00,45121,4.145
9364,-0.1560,0.00,45482,4.145
9372,-0.2981,0.00,45832,4.145
9380,-0.0969,0.00,46179,4.145
9388,0.0586,3.36,46527,4.105
9396,-0.1528,0.00,46857,4.105
9404,-0.0552,0.00,47190,4.105
9412,0.0100,0.57,47523,4.105
9420,-0.0879,0.00,47854,4.105
9428,-0.3784,0.00,48175,4.105
9436,0.0815,4.68,48490,4.105
9444,-0.0386,0.00,48809,4.105
9452,-0.0576,0.00,49122,4.105
9460,-0.0068,0.00,49414,4.105
9468,-0.3032,0.00,49715,4.105
9476,0.0098,0.56,50014,4.105
9484,-0.1033,0.00,50311,4.105
9492,-0.0710,0.00,50598,3.492
9500,-0.1829,0.00,50878,3.492
9508,-0.3015,0.00,51162,3.492
9516,-0.0479,0.00,51441,3.492
9524,-0.1597,0.00,51702,3.492
9532,-0.2024,0.00,51966,3.492
9540,-0.1855,0.00,52230,3.492
9548,-0.0190,0.00,52494,3.492
9556,0.1731,9.97,52756,3.492
9564,0.0806,4.62,53012,3.492
9572,-0.1118,0.00,53267,3.492
9580,-0.1941,0.00,53528,3.492
9588,-0.1946,0.00,53793,3.492
9596,0.0515,2.95,54049,2.956
9604,-0.0010,0.00,54313,2.956
9612,0.0896,5.14,54589,2.956
9620,-0.1736,0.00,54874,2.956
9628,0.0322,1.85,55164,2.956
9636,-0.0425,0.00,55454,2.956
9644,-0.2358,0.00,55750,2.956
9652,-0.2488,0.00,56054,2.956
9660,0.1899,10.95,56355,2.956
9668,-0.0557,0.00,56649,2.956
9676,-0.2031,0.00,56954,2.956
9684,-0.0508,0.00,57263,2.956
9692,0.0256,1.47,57570,2.956
9700,-0.0664,0.00,57870,3.265
9708,-0.2771,0.00,58170,3.265
9716,-0.2366,0.00,58474,3.265
9724,0.0779,4.47,58769,3.265
9732,-0.1062,0.00,59056,3.265
9740,-0.2566,0.00,59351,3.265
9748,0.0562,3.22,59648,3.265
9756,-0.1191,0.00,59943,3.265
9764,0.0386,2.21,60230,3.265
9772,-0.2397,0.00,60517,3.265
9780,-0.2271,0.00,60810,3.265
9788,-0.0115,0.00,61105,3.265
9796,-0.0803,0.00,61385,3.265
9804,-0.0667,0.00,61682,3.262
9812,0.0381,2.18,61987,3.262
9820,-0.1938,0.00,62302,3.262
9828,-0.0713,0.00,62621,3.262
9836,-0.2271,0.00,62946,3.262
9844,-0.1038,0.00,63287,3.262
9852,-0.1775,0.00,63626,3.262
9860,-0.0937,0.00,63978,3.262
9868,-0.1599,0.00,64346,3.262
9876,-0.1335,0.00,64726,3.262
9884,-0.2512,0.00,65103,3.262
9892,-0.0576,0.00,65490,3.262
9900,0.0723,4.14,65882,3.262
9908,-0.1521,0.00,66258,3.905
9916,-0.1130,0.00,66647,3.905
9924,-0.1775,0.00,67038,3.905
9932,0.0347,1.99,67422,3.905
9940,0.0645,3.70,67802,3.905
9948,-0.1836,0.00,68186,3.905
9956,-0.2720,0.00,68546,3.905
9964,0.0933,5.35,68915,3.905
9972,0.2515,14.56,69286,3.905
9980,-0.0283,0.00,69650,3.905
9988,0.0320,1.83,70002,3.905
9996,-0.0317,0.00,70358,3.905
10004,0.1638,9.43,70710,3.905
10012,-0.0632,0.00,71039,4.100
10020,-0.1343,0.00,71379,4.100
10028,-0.1023,0.00,71717,4.100
10036,0.2112,12.19,72050,4.100
10044,0.0640,3.67,72370,4.100
10052,-0.1382,0.00,72694,4.100
10060,0.0146,0.84,73014,4.100
10068,-0.0977,0.00,73316,4.100
10076,-0.1025,0.00,73622,4.100
10084,-0.0334,0.00,73927,4.100
10092,-0.2832,0.00,74230,4.100
10100,-0.4612,0.00,74526,4.100
10108,-0.0515,0.00,74811,4.100
10116,0.0427,2.45,75099,3.483
10124,-0.1802,0.00,75386,3.483
10132,0.1121,6.43,75657,3.483
10140,0.0078,0.45,75930,3.483
10148,0.0386,2.21,76210,3.483
10156,-0.2195,0.00,76495,3.483
10164,0.2229,12.88,76782,3.483
10172,0.0095,0.55,77062,3.483
10180,-0.2246,0.00,77353,3.483
10188,0.0000,0.00,77655,3.483
10196,-0.0681,0.00,77962,3.483
10204,-0.0818,0.00,78266,3.483
10212,0.0037,0.21,78592,3.483
10220,-0.2195,0.00,78931,3.272
10228,0.1948,11.23,79279,3.272
10236,0.1138,6.53,79628,3.272
10244,-0.1777,0.00,79993,3.272
10252,-0.0664,0.00,80359,3.272
10260,-0.0640,0.00,80713,3.272
10268,-0.2153,0.00,81083,3.272
10276,-0.2327,0.00,81457,3.272
10284,-0.0120,0.00,81824,3.272
10292,0.1072,6.15,82190,3.272
10300,-0.0208,0.00,82562,3.272
10308,-0.1326,0.00,82913,3.272
10316,0.0667,3.82,83271,3.272
10324,0.2122,12.25,83632,4.021
10332,-0.3306,0.00,83990,4.021
10340,-0.2969,0.00,84338,4.021
10348,-0.0996,0.00,84690,4.021
10356,-0.1489,0.00,85043,4.021
10364,-0.1584,0.00,85374,4.021
10372,-0.2332,0.00,85716,4.021
10380,0.0103,0.59,86058,4.021
10388,0.0774,4.44,86396,4.021
10396,-0.1648,0.00,86726,4.021
10404,-0.2620,0.00,87058,4.021
10412,-0.1580,0.00,87397,4.021
10420,-0.1775,0.00,87716,4.021
10428,-0.0754,0.00,88050,3.785
10436,0.0818,4.69,88390,3.785
10444,-0.3870,0.00,88734,3.785
10452,-0.3003,0.00,89074,3.785
10460,-0.0435,0.00,89421,3.785
10468,-0.1875,0.00,89778,3.785
10476,-0.0583,0.00,90118,3.785
10484,0.0537,3.08,90482,3.785
10492,-0.0586,0.00,90854,3.785
10500,-0.1030,0.00,91230,3.785
10508,-0.2671,0.00,91602,3.785
10516,-0.0903,0.00,91985,3.785
10524,-0.0374,0.00,92367,3.785
10532,-0.0146,0.00,92738,4.006
10540,-0.5093,0.00,93124,4.006
10548,-0.2500,0.00,93511,4.006
10556,-0.0889,0.00,93890,4.006
10564,-0.1731,0.00,94270,4.006
10572,-0.2607,0.00,94653,4.006
10580,-0.2798,0.00,95014,4.006
10588,-0.0847,0.00,95386,4.006
10596,-0.1377,0.00,95759,4.006
10604,0.1450,8.34,96125,4.006
10612,0.1580,9.09,96482,4.006
10620,-0.0696,0.00,96845,4.006
10628,0.1660,9.56,97194,4.006
10636,0.0630,3.61,97534,4.109
10644,-0.0005,0.00,97881,4.109
10652,-0.1616,0.00,98225,4.109
10660,-0.0657,0.00,98561,4.109
10668,0.0232,1.33,98890,4.109
10676,-0.0625,0.00,99224,4.109
10684,0.0300,1.72,99550,4.109
10692,-0.0034,0.00,99859,4.109
10700,-0.0713,0.00,100177,4.109
10708,-0.1704,0.00,100493,4.109
10716,0.2356,13.63,100806,4.109
10724,-0.0674,0.00,101112,4.109
10732,-0.2732,0.00,101421,4.109
10740,-0.3181,0.00,101735,3.601
10748,-0.3264,0.00,102035,3.601
10756,-0.0361,0.00,102341,3.601
10764,-0.0327,0.00,102654,3.601
10772,-0.1775,0.00,102973,3.601
10780,0.1414,8.13,103294,3.601
10788,0.1094,6.28,103614,3.601
10796,0.0188,1.08,103947,3.601
10804,-0.0352,0.00,104289,3.601
10812,-0.1709,0.00,104618,3.601
10820,0.0515,2.95,104969,3.601
10828,-0.0857,0.00,105329,3.601
10836,0.0139,0.80,105690,3.601
10844,0.0845,4.85,106049,3.685
10852,-0.2927,0.00,106418,3.685
10860,0.0066,0.38,106780,3.685
10868,-0.1199,0.00,107134,3.685
10876,-0.3162,0.00,107499,3.685
10884,-0.0798,0.00,107863,3.685
10892,-0.1560,0.00,108219,3.685
10900,-0.1235,0.00,108573,3.685
10908,-0.1550,0.00,108929,3.685
10916,-0.1414,0.00,109263,3.685
10924,0.0227,1.30,109606,3.685
10932,-0.0398,0.00,109950,3.685
10940,-0.3081,0.00,110290,3.685
10948,-0.1750,0.00,110621,3.917
10956,-0.0710,0.00,110948,3.917
10964,-0.2468,0.00,111280,3.917
10972,-0.3142,0.00,111598,3.917
10980,0.0642,3.68,111912,3.917
10988,0.0361,2.07,112231,3.917
10996,-0.0718,0.00,112550,3.917
11004,0.1184,6.80,112866,3.917
11012,0.0483,2.77,113174,3.917
11020,0.1821,10.49,113493,3.917
11028,-0.0239,0.00,113819,3.917
11036,-0.2017,0.00,114131,3.917
11044,0.1033,5.93,114459,3.917
11052,0.0107,0.62,114797,3.573
11060,-0.3655,0.00,115142,3.573
11068,-0.2864,0.00,115486,3.573
11076,-0.1497,0.00,115841,3.573
11084,-0.1995,0.00,116211,3.573
11092,-0.1116,0.00,116570,3.573
11100,0.1292,7.42,116953,3.573
11108,0.0737,4.23,117346,3.573
11116,-0.0388,0.00,117745,3.573
11124,0.1697,9.77,118140,3.573
11132,-0.2769,0.00,118551,3.573
11140,-0.0312,0.00,118943,3.573
11148,0.1575,9.06,119349,3.573
11156,0.2004,11.56,119760,4.238
11164,-0.0115,0.00,120165,4.238
11172,0.0276,1.58,120565,4.238
11180,-0.0937,0.00,120972,4.238
11188,-0.1489,0.00,121356,4.238
11196,0.1553,8.93,121750,4.238
11204,0.2480,14.36,122144,4.238
11212,0.0037,0.21,122533,4.238
11220,0.0493,2.83,122912,4.238
11228,-0.0095,0.00,123299,4.238
11236,-0.1467,0.00,123661,4.238
11244,-0.0701,0.00,124031,4.238
11252,0.0415,2.38,124400,4.238
11260,-0.2986,0.00,124765,4.291
11268,-0.3494,0.00,125120,4.291
11276,-0.0823,0.00,125476,4.291
11284,-0.2458,0.00,125832,4.291
11292,-0.3076,0.00,126165,4.291
11300,-0.1338,0.00,126507,4.291
11308,0.0974,5.59,126848,4.291
11316,-0.2295,0.00,127187,4.291
11324,-0.2515,0.00,127516,4.291
11332,-0.0911,0.00,127847,4.291
11340,-0.1860,0.00,128183,4.291
11348,-0.0142,0.00,128500,4.291
11356,-0.1050,0.00,128832,4.291
11364,-0.0239,0.00,129167,3.769
11372,-0.1855,0.00,129503,3.769
11380,-0.2300,0.00,129834,3.769
11388,-0.0786,0.00,130167,3.769
11396,-0.2246,0.00,130509,3.769
11404,-0.1606,0.00,130838,3.769
11412,-0.0605,0.00,131176,3.769
11420,-0.1587,0.00,131521,3.769
11428,-0.1418,0.00,131870,3.769
11436,-0.2358,0.00,132216,3.769
11444,-0.0601,0.00,132561,3.769
11452,-0.0283,0.00,132914,3.769
11460,-0.1895,0.00,133249,3.769
11468,-0.0386,0.00,133596,3.790
11476,0.0232,1.33,133944,3.790
11484,-0.1311,0.00,134293,3.790
11492,-0.1780,0.00,134636,3.790
11500,-0.1035,0.00,134977,3.790
11508,-0.1267,0.00,135322,3.790
11516,-0.1301,0.00,135648,3.790
11524,-0.0427,0.00,135980,3.790
11532,-0.1294,0.00,136312,3.790
11540,-0.2036,0.00,136643,3.790
11548,-0.2847,0.00,136968,3.790
11556,0.0691,3.96,137288,3.790
11564,-0.1216,0.00,137616,3.790
11572,-0.0029,0.00,137939,3.721
11580,0.0132,0.76,138243,3.721
11588,-0.0791,0.00,138558,3.721
11596,0.0283,1.62,138872,3.721
11604,0.1182,6.79,139184,3.721
11612,-0.0925,0.00,139490,3.721
11620,-0.1172,0.00,139800,3.721
11628,-0.1899,0.00,140120,3.721
11636,-0.2549,0.00,140432,3.721
11644,-0.0168,0.00,140751,3.721
11652,-0.0547,0.00,141080,3.721
11660,-0.0923,0.00,141416,3.721
11668,-0.0237,0.00,141755,3.721
11676,0.0322,1.85,142096,3.554
11684,0.0828,4.75,142455,3.554
11692,0.0024,0.14,142811,3.554
11700,-0.1865,0.00,143173,3.554
11708,-0.2451,0.00,143551,3.554
11716,-0.0986,0.00,143935,3.554
11724,-0.1919,0.00,144316,3.554
11732,-0.0725,0.00,144707,3.554
11740,0.0088,0.50,145101,3.554
11748,-0.1191,0.00,145479,3.554
11756,-0.1567,0.00,145874,3.554
11764,-0.2075,0.00,146272,3.554
11772,0.0610,3.50,146661,3.554
11780,-0.0105,0.00,147052,4.235
11788,-0.1304,0.00,147448,4.235
11796,-0.3401,0.00,147819,4.235
11804,0.0266,1.52,148203,4.235
11812,-0.0833,0.00,148587,4.235
11820,0.0464,2.66,148963,4.235
11828,0.1467,8.44,149332,4.235
11836,-0.0381,0.00,149707,4.235
11844,-0.0730,0.00,150060,4.235
11852,-0.0254,0.00,150419,4.235
11860,0.0347,1.99,150776,4.235
11868,-0.0891,0.00,151130,4.235
11876,-0.2224,0.00,151473,4.235
11884,-0.1245,0.00,151816,4.084
11892,-0.1387,0.00,152160,4.084
11900,-0.0967,0.00,152481,4.084
11908,-0.0623,0.00,152810,4.084
11916,-0.1096,0.00,153138,4.084
11924,-0.2117,0.00,153461,4.084
11932,-0.1877,0.00,153777,4.084
11940,-0.1008,0.00,154086,4.084
11948,-0.2070,0.00,154399,4.084
11956,-0.0146,0.00,154707,4.084
11964,-0.0679,0.00,154996,4.084
11972,-0.2546,0.00,155292,4.084
11980,0.0063,0.36,155591,4.084
11988,-0.2332,0.00,155888,3.491
11996,-0.0571,0.00,156176,3.491
12004,-0.0864,0.00,156460,3.491
12012,-0.3440,0.00,156747,3.491
12020,0.0459,2.63,157032,3.491
12028,-0.3384,0.00,157301,3.491
12036,-0.1919,0.00,157575,3.491
12044,-0.3152,0.00,157849,3.491
12052,0.0989,5.67,158123,3.491
12060,0.0339,1.94,158395,3.491
12068,0.0298,1.71,158659,3.491
12076,-0.0112,0.00,158924,3.491
12084,0.1570,9.03,159190,3.491
12092,-0.0771,0.00,159456,3.059
12100,-0.3416,0.00,159706,3.059
12108,-0.1396,0.00,159960,3.059
12116,-0.3220,0.00,160219,3.059
12124,-0.0457,0.00,160476,3.059
12132,0.1067,6.12,160733,3.059
12140,0.1238,7.11,160985,3.059
12148,-0.0657,0.00,161233,3.059
12156,-0.0098,0.00,161484,3.059
12164,-0.0376,0.00,161737,3.059
12172,-0.1924,0.00,161981,3.059
12180,-0.1655,0.00,162223,3.059
12188,-0.2622,0.00,162470,3.059
12196,0.2087,12.05,162721,2.795
12204,-0.2859,0.00,162972,2.795
12212,-0.3777,0.00,163223,2.795
12220,-0.1794,0.00,163468,2.795
12228,0.0652,3.74,163717,2.795
12236,-0.2537,0.00,163975,2.795
12244,-0.0881,0.00,164235,2.795
12252,-0.2053,0.00,164488,2.795
12260,0.0393,2.25,164753,2.795
12268,-0.0510,0.00,165032,2.795
12276,-0.1272,0.00,165316,2.795
12284,0.2471,14.30,165608,2.795
12292,0.0400,2.29,165898,2.795
12300,-0.1555,0.00,166201,2.971
12308,-0.3220,0.00,166516,2.971
12316,-0.3726,0.00,166825,2.971
12324,-0.1177,0.00,167143,2.971
12332,-0.1660,0.00,167471,2.971
12340,-0.0947,0.00,167804,2.971
12348,0.0120,0.69,168136,2.971
12356,0.0012,0.07,168463,2.971
12364,0.1528,8.79,168800,2.971
12372,0.1074,6.17,169134,2.971
12380,0.0303,1.73,169451,2.971
12388,-0.1411,0.00,169781,2.971
12396,-0.0400,0.00,170111,2.971
12404,0.2412,13.96,170436,3.624
12412,-0.0098,0.00,170752,3.624
12420,-0.2615,0.00,171071,3.624
12428,-0.0190,0.00,171388,3.624
12436,-0.0786,0.00,171688,3.624
12444,-0.0662,0.00,171988,3.624
12452,-0.1763,0.00,172292,3.624
12460,-0.2075,0.00,172592,3.624
12468,-0.4087,0.00,172887,3.624
12476,-0.0281,0.00,173171,3.624
12484,0.0505,2.90,173456,3.624
12492,-0.2119,0.00,173742,3.624
12500,-0.0513,0.00,174012,3.624
12508,-0.0398,0.00,174279,3.296
12516,0.1838,10.59,174547,3.296
12524,-0.0930,0.00,174814,3.296
12532,-0.0737,0.00,175076,3.296
12540,-0.0625,0.00,175333,3.296
12548,-0.0469,0.00,175580,3.296
12556,-0.0974,0.00,175828,3.296
12564,0.0044,0.25,176075,3.296
12572,-0.2390,0.00,176317,3.296
12580,-0.0308,0.00,176541,3.296
12588,-0.0635,0.00,176772,3.296
12596,-0.3110,0.00,177004,3.296
12604,-0.0071,0.00,177235,3.296
12612,-0.1042,0.00,177464,2.730
12620,0.0122,0.70,177688,2.730
12628,-0.0569,0.00,177906,2.730
12636,-0.0879,0.00,178123,2.730
12644,-0.0266,0.00,178340,2.730
12652,-0.1797,0.00,178557,2.730
12660,-0.2656,0.00,178766,2.730
12668,-0.1069,0.00,178968,2.730
12676,-0.1460,0.00,179172,2.730
12684,-0.1819,0.00,179378,2.730
12692,-0.1799,0.00,179584,2.730
12700,0.0916,5.25,179788,2.730
12708,-0.3760,0.00,179990,2.730
12716,-0.1152,0.00,180186,2.335
12724,-0.0610,0.00,180379,2.335
12732,-0.1323,0.00,180572,2.335
12740,-0.0527,0.00,180767,2.335
12748,-0.1948,0.00,180960,2.335
12756,-0.1843,0.00,181147,2.335
12764,-0.0405,0.00,181323,2.335
12772,-0.1748,0.00,181501,2.335
12780,-0.0425,0.00,181680,2.335
12788,0.1646,9.47,181859,2.335
12796,-0.1990,0.00,182037,2.335
12804,0.0217,1.25,182215,2.335
12812,-0.0691,0.00,182395,2.335
12820,0.0117,0.67,182569,2.043
12828,-0.0068,0.00,182741,2.043
12836,0.0005,0.03,182912,2.043
12844,-0.2295,0.00,183084,2.043
12852,-0.0525,0.00,183256,2.043
12860,-0.1023,0.00,183428,2.043
12868,0.1316,7.56,183591,2.043
12876,-0.0430,0.00,183759,2.043
12884,-0.1116,0.00,183930,2.043
12892,0.0020,0.11,184107,2.043
12900,-0.1375,0.00,184288,2.043
12908,-0.0217,0.00,184470,2.043
12916,-0.0278,0.00,184653,2.043
12924,0.0903,5.18,184837,1.939
12932,-0.1135,0.00,185019,1.939
12940,-0.0303,0.00,185202,1.939
12948,-0.0945,0.00,185392,1.939
12956,-0.0176,0.00,185587,1.939
12964,0.0339,1.94,185785,1.939
12972,0.1614,9.29,185979,1.939
12980,-0.1006,0.00,186171,1.939
12988,-0.0168,0.00,186367,1.939
12996,-0.2693,0.00,186565,1.939
13004,-0.1965,0.00,186765,1.939
13012,0.0337,1.93,186964,1.939
13020,-0.3730,0.00,187164,1.939
13028,-0.2112,0.00,187359,2.157
13036,-0.0520,0.00,187551,2.157
13044,-0.1689,0.00,187742,2.157
13052,-0.2139,0.00,187935,2.157
13060,-0.2314,0.00,188127,2.157
13068,-0.2085,0.00,188314,2.157
13076,-0.0254,0.00,188487,2.157
13084,-0.1106,0.00,188661,2.157
13092,-0.1333,0.00,188836,2.157
13100,0.2178,12.58,189007,2.157
13108,-0.0957,0.00,189177,2.157
13116,-0.1172,0.00,189344,2.157
13124,-0.2747,0.00,189508,2.157
13132,-0.1912,0.00,189669,1.982
13140,-0.0459,0.00,189824,1.982
13148,-0.0547,0.00,189976,1.982
13156,-0.0957,0.00,190125,1.982
13164,-0.2178,0.00,190274,1.982
13172,-0.1060,0.00,190420,1.982
13180,-0.0586,0.00,190562,1.982
13188,-0.0349,0.00,190700,1.982
13196,-0.1350,0.00,190826,1.982
13204,-0.0906,0.00,190952,1.982
13212,-0.0957,0.00,191075,1.982
13220,0.0471,2.70,191195,1.982
13228,-0.0464,0.00,191313,1.982
13236,-0.0574,0.00,191428,1.511
13244,-0.0051,0.00,191540,1.511
13252,0.0513,2.94,191649,1.511
13260,-0.1458,0.00,191755,1.511
13268,-0.2795,0.00,191857,1.511
13276,-0.3020,0.00,191957,1.511
13284,-0.1333,0.00,192054,1.511
13292,-0.0288,0.00,192145,1.511
13300,-0.1494,0.00,192232,1.511
13308,0.0122,0.70,192317,1.511
13316,-0.0132,0.00,192400,1.511
13324,0.0078,0.45,192480,1.511
13332,-0.1345,0.00,192560,1.511
13340,-0.0625,0.00,192638,1.040
13348,-0.0186,0.00,192714,1.040
13356,-0.1082,0.00,192789,1.040
13364,-0.1570,0.00,192863,1.040
13372,-0.0542,0.00,192936,1.040
13380,-0.0684,0.00,193007,1.040
13388,-0.2964,0.00,193077,1.040
13396,-0.1216,0.00,193142,1.040
13404,-0.1008,0.00,193205,1.040
13412,0.0076,0.43,193268,1.040
13420,-0.1013,0.00,193330,1.040
13428,0.0259,1.48,193390,1.040
13436,-0.3176,0.00,193448,1.040
13444,-0.0466,0.00,193505,0.745
13452,-0.2842,0.00,193561,0.745
13460,-0.0986,0.00,193616,0.745
13468,-0.1311,0.00,193671,0.745
13476,-0.1411,0.00,193725,0.745
13484,-0.0986,0.00,193778,0.745
13492,-0.1689,0.00,193832,0.745
13500,-0.0442,0.00,193885,0.745
13508,-0.1638,0.00,193939,0.745
13516,-0.0627,0.00,193994,0.745
13524,-0.0315,0.00,194049,0.745
13532,-0.1348,0.00,194105,0.745
13540,-0.0017,0.00,194161,0.745
13548,-0.1765,0.00,194218,0.609
13556,-0.1223,0.00,194274,0.609
13564,-0.0796,0.00,194330,0.609
13572,-0.0806,0.00,194385,0.609
13580,-0.1636,0.00,194439,0.609
13588,-0.1528,0.00,194489,0.609
13596,-0.1997,0.00,194537,0.609
13604,-0.0310,0.00,194584,0.609
13612,-0.0579,0.00,194627,0.609
13620,-0.1882,0.00,194668,0.609
13628,0.0149,0.85,194707,0.609
13636,-0.1509,0.00,194743,0.609
13644,-0.0923,0.00,194777,0.609
13652,-0.0339,0.00,194808,0.509
13660,-0.0769,0.00,194837,0.509
13668,-0.0215,0.00,194864,0.509
13676,-0.0969,0.00,194888,0.509
13684,-0.1240,0.00,194910,0.509
13692,-0.0576,0.00,194930,0.509
13700,-0.0840,0.00,194947,0.509
13708,-0.0740,0.00,194962,0.509
13716,-0.0769,0.00,194975,0.509
13724,-0.0696,0.00,194986,0.509
13732,-0.0750,0.00,194995,0.509
13740,-0.0740,0.00,195003,0.509
13748,-0.0747,0.00,195009,0.509
13756,-0.0745,0.00,195013,0.179
13764,-0.0732,0.00,195016,0.179
13772,-0.0798,0.00,195017,0.179
13780,-0.0740,0.00,195018,0.179
13788,-0.0759,0.00,195018,0.179
13796,-0.0723,0.00,195018,0.179
13804,-0.0759,0.00,195018,0.179
13812,-0.0735,0.00,195018,0.179
13820,-0.0735,0.00,195018,0.179
13828,-0.0686,0.00,195018,0.179
13836,-0.0725,0.00,195018,0.179
13844,-0.0720,0.00,195018,0.179
13852,-0.0737,0.00,195018,0.179
13860,-0.0720,0.00,195018,0.004
13868,-0.0745,0.00,195018,0.004
13876,-0.0718,0.00,195018,0.004
13884,-0.0745,0.00,195018,0.004
13892,-0.0703,0.00,195018,0.004
13900,-0.0757,0.00,195018,0.004
13908,-0.0759,0.00,195018,0.004
13916,-0.0742,0.00,195018,0.004
13924,-0.0728,0.00,195018,0.004
13932,-0.0728,0.00,195018,0.004
13940,-0.0740,0.00,195018,0.004
13948,-0.0759,0.00,195018,0.004
13956,-0.0737,0.00,195018,0.004
13964,-0.0742,0.00,195019,0.001
13972,-0.0728,0.00,195019,0.001
13980,-0.0750,0.00,195019,0.001
13988,-0.0701,0.00,195019,0.001
13996,-0.0767,0.00,195019,0.001
14004,-0.0728,0.00,195020,0.001
14012,-0.0752,0.00,195020,0.001
14020,-0.0723,0.00,195020,0.001
14028,-0.0732,0.00,195020,0.001
14036,-0.0750,0.00,195020,0.001
14044,-0.0728,0.00,195020,0.001
14052,-0.0776,0.00,195020,0.001
14060,-0.0698,0.00,195020,0.001
14068,-0.0732,0.00,195021,0.002
14076,-0.0688,0.00,195021,0.002
14084,-0.0696,0.00,195021,0.002
14092,-0.0720,0.00,195021,0.002
14100,-0.0718,0.00,195021,0.002
14108,-0.0764,0.00,195021,0.002
14116,-0.0706,0.00,195021,0.002
14124,-0.0725,0.00,195021,0.002
14132,-0.0728,0.00,195021,0.002
14140,-0.0725,0.00,195021,0.002
14148,-0.0706,0.00,195021,0.002
14156,-0.0718,0.00,195021,0.002
14164,-0.0747,0.00,195021,0.002
14172,-0.0718,0.00,195021,0.000
14180,-0.0737,0.00,195021,0.000
14188,-0.0706,0.00,195021,0.000
14196,-0.0762,0.00,195021,0.000
14204,-0.0725,0.00,195021,0.000
14212,-0.0774,0.00,195021,0.000
14220,-0.0737,0.00,195021,0.000
14228,-0.0718,0.00,195021,0.000
14236,-0.0718,0.00,195021,0.000
14244,-0.0723,0.00,195021,0.000
14252,-0.0735,0.00,195021,0.000
14260,-0.0757,0.00,195021,0.000
14268,-0.0742,0.00,195021,0.000
14276,-0.0725,0.00,195021,0.000
14284,-0.0679,0.00,195021,0.000
14292,-0.0708,0.00,195021,0.000
14300,-0.0732,0.00,195021,0.000
14308,-0.0728,0.00,195021,0.000
14316,-0.0789,0.00,195021,0.000
14324,-0.0764,0.00,195021,0.000
14332,-0.0720,0.00,195021,0.000
14340,-0.0720,0.00,195021,0.000
14348,-0.0667,0.00,195021,0.000
14356,-0.0725,0.00,195021,0.000
14364,-0.0718,0.00,195021,0.000
14372,-0.0728,0.00,195021,0.000
14380,-0.0735,0.00,195021,0.000
14388,-0.0745,0.00,195021,0.000
14396,-0.0713,0.00,195021,0.000
14404,-0.0710,0.00,195021,0.000
14412,-0.0757,0.00,195021,0.000
14420,-0.0679,0.00,195021,0.000
14428,-0.0713,0.00,195021,0.000
14436,-0.0691,0.00,195021,0.000
14444,-0.0759,0.00,195021,0.000
14452,-0.0759,0.00,195021,0.000
14460,-0.0720,0.00,195021,0.000
14468,-0.0791,0.00,195021,0.000
14476,-0.0747,0.00,195021,0.000
14484,-0.0767,0.00,195021,0.000
14492,-0.0745,0.00,195021,0.000
14500,-0.0718,0.00,195021,0.000
14508,-0.0710,0.00,195021,0.000
14516,-0.0715,0.00,195021,0.000
14524,-0.0735,0.00,195021,0.000
14532,-0.0767,0.00,195021,0.000
14540,-0.0757,0.00,195021,0.000
14548,-0.0715,0.00,195021,0.000
14556,-0.0681,0.00,195021,0.000
14564,-0.0732,0.00,195021,0.000
14572,-0.0754,0.00,195021,0.000
14580,-0.0742,0.00,195021,0.000
14588,-0.0742,0.00,195021,0.000
14596,-0.0747,0.00,195021,0.000
14604,-0.0752,0.00,195021,0.000
14612,-0.0674,0.00,195021,0.000
14620,-0.0701,0.00,195021,0.000
14628,-0.0708,0.00,195021,0.000
14636,-0.0720,0.00,195021,0.000
14644,-0.0757,0.00,195021,0.000
14652,-0.0703,0.00,195021,0.000
14660,-0.0735,0.00,195021,0.000
14668,-0.0740,0.00,195021,0.000
14676,-0.0747,0.00,195021,0.000
14684,-0.0754,0.00,195021,0.000
14692,-0.0737,0.00,195021,0.000
14700,-0.0710,0.00,195021,0.000
14708,-0.0742,0.00,195021,0.000
14716,-0.0750,0.00,195021,0.000
14724,-0.0691,0.00,195021,0.000
14732,-0.0750,0.00,195021,0.000
14740,-0.0730,0.00,195021,0.000
14748,-0.0764,0.00,195021,0.000
14756,-0.0745,0.00,195021,0.000
14764,-0.0735,0.00,195021,0.000
14772,-0.0701,0.00,195021,0.000
14780,-0.0742,0.00,195021,0.000
14788,-0.0723,0.00,195021,0.000
14796,-0.0762,0.00,195021,0.000
14804,-0.0774,0.00,195021,0.000
14812,-0.0713,0.00,195021,0.000
14820,-0.0747,0.00,195021,0.000
14828,-0.0732,0.00,195021,0.000
14836,-0.0708,0.00,195021,0.000
14844,-0.0706,0.00,195021,0.000
14852,-0.0730,0.00,195021,0.000
14860,-0.0735,0.00,195021,0.000
14868,-0.0732,0.00,195021,0.000
14876,-0.0723,0.00,195021,0.000
14884,-0.0701,0.00,195021,0.000
14892,-0.0679,0.00,195021,0.000
14900,-0.0696,0.00,195021,0.000
14908,-0.0718,0.00,195021,0.000
14916,-0.0735,0.00,195021,0.000
14924,-0.0696,0.00,195021,0.000
14932,-0.0759,0.00,195021,0.000
14940,-0.0752,0.00,195021,0.000
14948,-0.0715,0.00,195021,0.000
14956,-0.0710,0.00,195021,0.000
14964,-0.0730,0.00,195021,0.000
14972,-0.0747,0.00,195021,0.000
14980,-0.0754,0.00,195021,0.000
14988,-0.0769,0.00,195021,0.000
14996,-0.0708,0.00,195021,0.000
15004,-0.0750,0.00,195021,0.000
15012,-0.0757,0.00,195021,0.000
15020,-0.0703,0.00,195021,0.000
15028,-0.0725,0.00,195021,0.000
15036,-0.0732,0.00,195021,0.000
15044,-0.0759,0.00,195021,0.000
15052,-0.0732,0.00,195021,0.000
15060,-0.0718,0.00,195021,0.000
15068,-0.0754,0.00,195021,0.000
15076,-0.0742,0.00,195021,0.000
15084,-0.0750,0.00,195021,0.000
15092,-0.0735,0.00,195021,0.000
15100,-0.0703,0.00,195021,0.000
15108,-0.0728,0.00,195021,0.000
15116,-0.0718,0.00,195021,0.000
15124,-0.0730,0.00,195021,0.000
15132,-0.0781,0.00,195021,0.000
15140,-0.0752,0.00,195021,0.000
15148,-0.0754,0.00,195021,0.000
15156,-0.0708,0.00,195021,0.000
15164,-0.0708,0.00,195021,0.000
15172,-0.0742,0.00,195021,0.000
15180,-0.0747,0.00,195021,0.000
15188,-0.0715,0.00,195021,0.000
15196,-0.0735,0.00,195021,0.000
15204,-0.0723,0.00,195021,0.000
15212,-0.0747,0.00,195021,0.000
15220,-0.0730,0.00,195021,0.000
15228,-0.0745,0.00,195021,0.000
15236,-0.0737,0.00,195021,0.000
15244,-0.0747,0.00,195021,0.000
15252,-0.0730,0.00,195021,0.000
15260,-0.0750,0.00,195021,0.000
15268,-0.0715,0.00,195021,0.000
15276,-0.0784,0.00,195021,0.000
15284,-0.0764,0.00,195021,0.000
15292,-0.0754,0.00,195021,0.000
15300,-0.0747,0.00,195021,0.000
15308,-0.0737,0.00,195021,0.000
15316,-0.0776,0.00,195021,0.000
15324,-0.0718,0.00,195021,0.000
15332,-0.0725,0.00,195021,0.000
15340,-0.0713,0.00,195021,0.000
15348,-0.0747,0.00,195021,0.000
15356,-0.0762,0.00,195021,0.000
15364,-0.0759,0.00,195021,0.000
15372,-0.0696,0.00,195021,0.000
15380,-0.0740,0.00,195021,0.000
15388,-0.0742,0.00,195021,0.000
15396,-0.0713,0.00,195021,0.000
15404,-0.0747,0.00,195021,0.000
15412,-0.0745,0.00,195021,0.000
15420,-0.0710,0.00,195021,0.000
15428,-0.0769,0.00,195021,0.000
15436,-0.0745,0.00,195021,0.000
15444,-0.0742,0.00,195021,0.000
15452,-0.0742,0.00,195021,0.000
15460,-0.0750,0.00,195021,0.000
15468,-0.0708,0.00,195021,0.000
15476,-0.0693,0.00,195021,0.000
15484,-0.0708,0.00,195021,0.000
15492,-0.0759,0.00,195021,0.000
15500,-0.0742,0.00,195021,0.000
